[{
	"title": "Data types and variables",
	"activityType": "quiz",
	"quizDescription": [
		{
			"text": "The following lesson from udacity covers Data Types and Variables. Click on the link below to complete the lesson.<br><a href=\"https://classroom.udacity.com/courses/ud803/lessons/74007e2e-2a0a-4de3-a8a6-5c2ec4275773/concepts/673e1be5-6c85-4397-8318-192d95d48761\">Data Types and Variables lesson link</a> "
		}
	],
	"questions": [{
		"questionType": "summarize",
		"questionText": "Summarize the Data types and variables"
	}]
}]